{
    "camera_matrix": [
        [
            415.88567185790987,
            0.0,
            319.7528180294639
        ],
        [
            0.0,
            415.8180460857043,
            239.55582327978067
        ],
        [
            0.0,
            0.0,
            1.0
        ]
    ],
    "distortion_coefficients": [
        [
            -0.0004383400666258841,
            -0.006739253359445109,
            2.280635984279769e-05,
            0.00038699193775070087,
            0.012282730545792545
        ]
    ]
}